country_iso,latitude,longitude
AD,42.5133,1.5428
AE,24.9637,55.0911
AF,34.4398,68.4178
AG,17.1280,-61.8358
AI,18.2110,-63.0625
AL,41.2893,19.8365
AM,40.1940,44.5143
AO,-8.9864,13.4004
AQ,-82.3508,131.9478
AR,-34.1028,-60.3131
AS,-14.2733,-170.6962
AT,47.9915,15.5247
AU,-32.6653,144.0202
AW,12.5229,-70.0105
AX,60.0993,19.9368
AZ,40.3998,49.7106
BA,44.1221,17.9714
BB,13.1068,-59.5938
BD,23.7498,90.3921
BE,50.8887,4.4033
BF,12.2934,-1.6980
BG,42.7214,24.4339
BH,26.1982,50.5746
BI,-3.3765,29.5148
BJ,6.5619,2.4821
BL,17.8973,-62.8492
BM,32.3008,-64.7749
BN,4.8835,114.8847
BO,-17.3309,-66.3310
BQ,12.4807,-67.9682
BR,-18.9095,-46.5149
BS,25.0954,-77.3529
BT,27.4264,89.7216
BV,-54.4208,3.3464
BW,-24.2880,25.8825
BY,53.6481,27.9609
BZ,17.3695,-88.4415
CA,46.1884,-86.3453
CC,-12.1801,96.8278
CD,-4.6776,17.3896
CF,4.5883,18.5632
CG,-4.1296,14.8487
CH,47.0328,7.6968
CI,5.5543,-4.1790
CK,-20.9937,-159.7513
CL,-33.3991,-71.0589
CM,4.1660,10.9090
CN,33.5672,116.0796
CO,5.6100,-74.7160
CR,10.0101,-84.2863
CU,22.8592,-81.7874
CV,15.4561,-23.6193
CW,12.1283,-68.9147
CX,-10.4278,105.6741
CY,35.0473,33.2951
CZ,49.9394,14.9837
DE,50.8450,9.4920
DJ,11.6780,42.8897
DK,55.8560,11.2092
DM,15.3153,-61.3798
DO,18.7468,-70.1043
DZ,35.9107,3.3954
EC,-1.1253,-78.9650
EE,59.3556,24.9160
EG,30.0658,31.1721
EH,26.9155,-13.1695
ER,15.3213,38.9590
ES,39.8255,-3.0574
ET,9.0591,38.7843
FI,60.8920,24.8307
FJ,-18.0459,178.2955
FK,-51.6939,-57.8595
FM,7.0791,156.6305
FO,62.0314,-6.7903
FR,47.9005,2.5751
GA,0.3230,9.5955
GB,51.9558,-0.6845
GD,12.0580,-61.7442
GE,41.7307,44.5935
GF,4.9808,-52.4229
GG,49.4615,-2.5414
GH,5.8796,-0.4695
GI,36.1425,-5.3520
GL,65.4410,-50.4989
GM,13.4364,-16.6263
GN,9.5408,-13.5957
GP,16.1951,-61.5852
GQ,2.8599,9.3965
GR,38.4183,23.4980
GS,-54.2852,-36.5087
GT,14.7610,-90.6719
GU,13.4894,144.7912
GW,11.8531,-15.5187
GY,6.7564,-58.1563
HK,22.3232,114.1665
HM,-53.0879,73.5076
HN,14.8170,-87.5099
HR,45.4573,16.1176
HT,18.5806,-72.3138
HU,47.3444,19.1682
ID,-5.6181,108.7303
IE,53.2110,-6.8656
IL,32.1577,34.8972
IM,54.1667,-4.5253
IN,20.2806,76.9956
IO,-7.3015,72.4118
IQ,34.0939,44.5232
IR,35.0881,51.4872
IS,64.1867,-21.7742
IT,44.2102,10.6852
JE,49.1921,-2.1071
JM,18.0899,-76.9708
JO,31.9532,35.9033
JP,35.5305,138.7789
KE,-1.2255,36.9130
KG,42.6587,74.4607
KH,11.6951,104.7298
KI,1.2045,127.4065
KM,-11.7534,43.3591
KN,17.2716,-62.7035
KP,39.0514,125.7736
KR,37.1357,127.1786
KW,29.3226,47.9885
KY,19.3208,-81.3412
KZ,45.4269,74.2129
LA,17.9219,102.8416
LB,33.8942,35.5452
LC,14.0009,-60.9879
LI,47.1549,9.5181
LK,6.9525,79.9428
LR,6.3098,-10.7980
LS,-29.3021,27.6443
LT,54.8467,24.8476
LU,49.6552,6.1207
LV,56.9442,24.0837
LY,32.5508,14.2047
MA,33.4186,-6.8734
MC,43.7375,7.4228
MD,47.0278,28.8469
ME,42.4345,19.1748
MF,18.0691,-63.0818
MG,-18.8185,47.5402
MH,7.1983,171.1533
MK,41.9136,21.5068
ML,12.6469,-8.0296
MM,18.0806,96.3519
MN,47.8925,106.5780
MO,22.1772,113.5536
MP,15.1856,145.7463
MQ,14.5921,-61.0229
MR,18.1604,-15.7115
MS,16.7135,-62.2154
MT,35.9041,14.4708
MU,-20.2365,57.5035
MV,4.1663,73.5026
MW,-14.6836,34.4323
MX,21.2649,-100.3794
MY,3.3181,103.5670
MZ,-24.8687,33.1404
NA,-22.6230,16.8884
NC,-22.2287,166.4169
NE,13.6103,2.5325
NF,-29.0547,167.9594
NG,7.1822,4.5473
NI,12.4571,-86.0134
NL,52.2899,5.0304
NO,60.4110,10.1880
NP,27.6604,85.0268
NR,-0.5425,166.9216
NU,-19.0557,-169.9208
NZ,-38.4154,174.5654
OM,23.4255,58.0567
PA,8.9231,-79.8050
PE,-11.5381,-76.4030
PF,-17.6321,-148.4680
PG,-8.5320,147.2480
PH,13.9662,121.4131
PK,30.1750,71.1215
PL,51.9757,19.6954
PM,46.8149,-56.1955
PN,-25.0662,-130.1000
PR,18.3464,-66.2120
PS,31.9443,35.1153
PT,39.3824,-9.1946
PW,7.4422,134.5607
PY,-25.3262,-56.7881
QA,25.2903,51.5037
RE,-20.9870,55.4427
RO,45.3166,25.5280
RS,44.6785,20.4774
RU,55.3428,45.6979
RW,-1.9492,30.0715
SA,24.3377,45.3221
SB,-9.3282,159.6911
SC,-4.6253,55.4659
SD,15.6215,32.7216
SE,58.8764,16.0400
SG,1.3398,103.8385
SH,-16.5501,-5.9096
SI,46.1058,14.6483
SJ,78.2197,15.5942
SK,48.3897,18.0242
SL,8.4631,-13.0529
SM,43.9491,12.4646
SN,14.6820,-17.2621
SO,3.9779,45.1276
SR,5.7959,-55.2029
SS,4.9696,31.5842
ST,0.3285,6.7235
SV,13.6914,-89.1525
SX,18.0293,-63.0512
SY,34.0932,36.4597
SZ,-26.3592,31.1842
TC,21.6624,-71.7972
TD,12.2015,15.3467
TF,-49.3496,70.2180
TG,6.3941,1.1986
TH,13.8465,100.6545
TJ,38.6250,68.8357
TK,-9.3034,-171.3339
TL,-8.6850,125.4964
TM,37.9801,58.5298
TN,36.4520,10.2086
TO,-21.1415,-175.1955
TR,40.1388,30.7699
TT,10.6128,-61.4685
TV,-8.4762,179.1466
TW,24.6897,121.2784
TZ,-6.3570,38.1089
UA,49.6972,30.6450
UG,0.3750,32.4018
UM,9.1351,-82.3874
US,38.1947,-86.2198
UY,-34.2790,-56.0953
UZ,41.0665,68.9273
VA,41.9029,12.4535
VC,13.1516,-61.2228
VE,10.0637,-68.5395
VG,18.4284,-64.6114
VI,18.2763,-64.9040
VN,18.2294,106.1532
VU,-17.6644,168.3029
WF,-13.3318,-176.2707
WS,-13.8319,-171.7931
XK,42.6378,21.0823
YE,15.0596,44.4443
YT,-12.8021,45.2094
ZA,-29.0128,25.5969
ZM,-15.2561,28.3000
ZW,-17.9081,30.9160
ZZ,0.0000,0.0000
